{
  "round": 887,
  "n_exp": 1773,
  "solid": 0,
  "lastid": 3520,
  "best_nid": 2591,
  "lb": 1012.9050917710231,
  "lb_collision": 23325.811708293582,
  "ub": Infinity,
  "ub_collision": Infinity,
  "paths": {}
}