{"numAgents": 10, "numSteps": 49, "T": [0.0, 0.10416666666666667, 0.20833333333333334, 0.3125, 0.4166666666666667, 0.5208333333333334, 0.625, 0.7291666666666667, 0.8333333333333334, 0.9375, 1.0416666666666667, 1.1458333333333335, 1.25, 1.3541666666666667, 1.4583333333333335, 1.5625, 1.6666666666666667, 1.7708333333333335, 1.875, 1.9791666666666667, 2.0833333333333335, 2.1875, 2.291666666666667, 2.3958333333333335, 2.5, 2.604166666666667, 2.7083333333333335, 2.8125, 2.916666666666667, 3.0208333333333335, 3.125, 3.229166666666667, 3.3333333333333335, 3.4375, 3.541666666666667, 3.6458333333333335, 3.75, 3.854166666666667, 3.9583333333333335, 4.0625, 4.166666666666667, 4.270833333333334, 4.375, 4.479166666666667, 4.583333333333334, 4.6875, 4.791666666666667, 4.895833333333334, 5.0], "area": [0, 110, 0, 110], "size": [[10, 10, 10, 10, 10, 10, 10, 10, 10, 10], [10, 10, 10, 10, 10, 10, 10, 10, 10, 10]], "vel": [56.568542494923804, 56.568542494923804, 56.568542494923804, 56.568542494923804, 56.568542494923804, 56.568542494923804, 56.568542494923804, 56.568542494923804, 56.568542494923804, 56.568542494923804], "start": [[95.0, 50.0], [95.0, 80.0], [5.0, 25.0], [75.0, 95.0], [45.0, 5.0], [35.0, 95.0], [25.0, 5.0], [95.0, 65.0], [75.0, 5.0], [5.0, 95.0]], "goal": [[5.0, 50.0], [5.0, 20.0], [95.0, 75.0], [25.0, 5.0], [55.0, 95.0], [65.0, 5.0], [75.0, 95.0], [5.0, 35.0], [25.0, 95.0], [95.0, 5.0]]}